{
  "Dummy_stratified": {
    "accuracy": 0.40453333333333336,
    "f1_macro": 0.3283980742103863,
    "roc_auc_ovr": 0.496042196064942
  },
  "LogisticRegression": {
    "accuracy": 0.72,
    "f1_macro": 0.6632634159041243,
    "roc_auc_ovr": 0.8467788482997881
  },
  "DecisionTree": {
    "accuracy": 0.7957333333333333,
    "f1_macro": 0.7489412237858829,
    "roc_auc_ovr": 0.8627944089902314
  },
  "RandomForest": {
    "accuracy": 0.8813333333333333,
    "f1_macro": 0.851680441642222,
    "roc_auc_ovr": 0.9502653577972847
  },
  "GradientBoosting": {
    "accuracy": 0.8690666666666667,
    "f1_macro": 0.8386382720883493,
    "roc_auc_ovr": 0.9470714602719316
  }
}