,accuracy,f1_macro,roc_auc_ovr
RandomForest,0.8813333333333333,0.851680441642222,0.9502653577972847
GradientBoosting,0.8690666666666667,0.8386382720883493,0.9470714602719316
DecisionTree,0.7957333333333333,0.7489412237858829,0.8627944089902314
LogisticRegression,0.72,0.6632634159041243,0.8467788482997881
Dummy_stratified,0.40453333333333336,0.3283980742103863,0.496042196064942
